{"text": " \u0627\u06af\u0631 \u062f\u0648\u0633\u062a\u0627\u0631\u06cc \u0628\u062e\u0631\u06cc \u0627\u06cc\u0646 \u06a9\u0627\u0631 \u0631\u0627 \u0646\u06a9\u0646 \u0627\u06af\u0631 \u06cc\u06a9 \u0634\u06a9 \u0627\u06af\u0631 \u0628\u0627\u0644\u0627 \u0631\u0641\u062a \u0627\u0646\u062a\u0627\u06cc\u062f \u06a9\u0646 \u0628\u0628\u06cc\u0646\u06cc\u0645 \u0686\u06cc \u0686\u06cc \u0628\u06cc\u0645 \u06af\u0634\u0646 \u0628\u0644\u0647 \u0628\u0644\u0647 \u0628\u0644\u0647 \u0628\u0644\u0647", "segments": [{"id": 0, "seek": 0, "start": 0.0, "end": 19.0, "text": " \u0627\u06af\u0631 \u062f\u0648\u0633\u062a\u0627\u0631\u06cc \u0628\u062e\u0631\u06cc \u0627\u06cc\u0646 \u06a9\u0627\u0631 \u0631\u0627 \u0646\u06a9\u0646 \u0627\u06af\u0631 \u06cc\u06a9 \u0634\u06a9 \u0627\u06af\u0631 \u0628\u0627\u0644\u0627 \u0631\u0641\u062a \u0627\u0646\u062a\u0627\u06cc\u062f \u06a9\u0646 \u0628\u0628\u06cc\u0646\u06cc\u0645 \u0686\u06cc \u0686\u06cc \u0628\u06cc\u0645 \u06af\u0634\u0646 \u0628\u0644\u0647 \u0628\u0644\u0647 \u0628\u0644\u0647 \u0628\u0644\u0647", "tokens": [50364, 1975, 16761, 2288, 11778, 2407, 14851, 9640, 4135, 4724, 9778, 44823, 1975, 32151, 7565, 9640, 12602, 995, 8717, 6007, 1863, 1975, 16761, 2288, 25429, 6007, 13412, 6007, 1975, 16761, 2288, 4724, 6027, 995, 12602, 5172, 2655, 16472, 2655, 995, 4135, 3215, 7565, 1863, 4724, 3555, 32151, 4135, 2304, 34766, 4135, 34766, 4135, 4724, 4135, 2304, 28697, 8592, 1863, 4724, 43761, 4724, 43761, 4724, 43761, 4724, 43761, 51314], "temperature": 0.0, "avg_logprob": -0.4758473824763644, "compression_ratio": 1.6422018348623852, "no_speech_prob": 0.32484129071235657}], "language": "fa"}